num_task,cpu-allocated,resolution,time-elapsed,task-clock(ms),context-switches,cpu-migrations,page-faults,avg-fps,avg-q,avg-bitrate(kbits/s),avg-process-CPU(%),avg-process-Memory(MB),avg-system-CPU(%),avg-system-Memory(%)
28,10,480,102.53,35956.95,115406.71,6046.32,30794.68,34.59,23.79,0.00,35.32,230.27,97.51,79.04
30,10,480,111.79,36133.63,114019.53,5947.37,28870.90,30.94,23.82,0.00,33.14,230.38,97.75,83.84
31,10,480,114.43,36403.77,114545.94,5677.45,23397.03,30.55,23.81,0.00,32.08,230.13,97.90,86.28
32,10,480,114.22,35165.35,114598.72,5634.28,28973.41,30.54,23.81,0.00,31.02,229.92,97.92,88.64
33,10,480,120.05,35924.08,114875.70,5356.39,26283.91,29.37,23.80,0.00,30.13,227.96,98.21,90.98
34,10,480,124.15,36053.05,115377.26,5188.50,33654.24,28.42,23.84,0.00,29.23,209.40,98.22,93.41
31,10,480,113.44,35186.93,113900.35,5604.77,24052.58,31.02,23.81,0.00,32.07,228.45,98.06,86.15
31,10,480,114.43,36298.48,114439.81,5677.26,25634.19,30.76,23.83,0.00,32.01,228.51,98.02,86.22
31,10,480,112.81,35609.69,114196.68,5693.26,26407.26,31.38,23.81,0.00,32.13,228.75,98.00,86.30
32,10,480,117.31,36150.89,114524.72,5626.69,30777.06,30.29,23.82,0.00,31.05,228.74,98.07,88.57
32,10,480,118.61,36482.71,114688.44,5551.56,34488.50,29.49,23.77,0.00,30.96,227.01,97.91,88.70
32,10,480,116.27,35766.27,114315.38,5492.66,32445.28,30.10,23.78,0.00,31.01,228.54,98.03,88.72
33,10,480,121.69,36455.06,114657.21,5398.18,32220.64,29.02,23.81,0.00,30.20,221.99,98.12,90.92
33,10,480,122.14,36453.47,114848.52,5369.67,36494.88,28.76,23.78,0.00,30.04,226.52,98.02,90.78
33,10,480,122.02,36517.44,114925.18,5335.39,30572.18,28.45,23.79,0.00,30.15,225.22,98.26,90.91
34,10,480,125.24,36184.15,114590.94,5365.71,35460.06,27.71,23.80,0.00,29.07,210.11,98.09,93.23
34,10,480,124.90,36254.63,114682.03,5250.50,34277.18,28.11,23.81,0.00,29.21,213.30,98.22,93.43
34,10,480,125.69,36243.86,114011.76,5049.44,30973.50,27.94,23.79,0.00,29.05,212.81,98.36,93.92
35,10,480,126.12,35397.63,110711.69,4871.49,28994.77,26.90,23.80,0.00,28.25,203.45,98.25,96.06
35,10,480,126.17,35403.34,111233.74,4898.40,31682.11,26.75,23.79,0.00,28.27,201.18,98.24,96.32
35,10,480,126.18,35426.95,111252.94,4825.00,30618.91,26.86,23.79,0.00,28.29,201.60,98.16,96.04
36,10,480,126.10,34366.78,106520.50,4572.22,34571.11,25.47,23.78,0.00,27.46,197.97,98.32,98.14
36,10,480,126.17,34328.94,106509.19,4616.36,35846.06,25.55,23.79,0.00,27.41,197.95,98.19,98.16
36,10,480,126.32,34424.05,108825.08,4530.72,29854.36,25.92,23.78,0.00,27.46,198.07,98.20,98.03
37,10,480,126.52,23339.54,88478.92,6007.51,96127.35,17.14,23.79,0.00,29.37,191.50,95.83,96.42
37,10,480,146.39,35389.51,117913.92,5284.46,56636.05,24.84,23.83,0.00,27.53,197.14,97.32,98.18
37,10,480,126.73,33382.75,107093.70,4457.00,31164.46,25.35,23.79,0.00,26.62,196.88,98.07,98.34
38,10,480,124.38,27901.13,94741.42,5301.13,60691.71,17.04,23.76,0.00,29.12,192.51,97.57,98.01
38,10,480,124.81,27174.30,95139.18,5297.08,67753.39,16.91,23.78,0.00,27.30,192.28,97.49,97.73
38,10,480,125.08,29882.57,98869.55,4440.45,54518.42,19.13,23.76,0.00,27.57,193.02,97.57,98.24
12,10,720,67.91,54853.03,117914.67,5526.83,43280.17,50.60,23.74,0.00,81.15,326.75,96.02,52.97
12,10,720,65.73,53337.54,117121.67,5640.17,38834.08,52.06,23.79,0.00,81.56,327.01,95.98,52.88
12,10,720,66.58,52413.53,117416.17,5522.33,33367.58,51.53,23.80,0.00,81.40,326.02,95.95,52.78
16,10,720,85.89,52111.95,115100.06,4750.94,35736.06,39.97,23.85,0.00,61.66,327.63,97.24,67.16
16,10,720,87.68,53870.07,115791.94,4555.38,38586.19,40.16,23.81,0.00,61.67,328.16,97.27,68.50
16,10,720,87.52,53915.20,115289.81,4600.00,34909.06,39.58,23.84,0.00,61.84,328.02,97.26,68.45
18,10,720,96.08,52501.72,115171.11,4332.89,31263.39,37.06,23.84,0.00,54.88,327.81,97.63,73.16
18,10,720,97.75,52475.88,113636.17,4188.11,34252.00,36.01,23.84,0.00,55.08,329.46,97.88,73.59
18,10,720,98.70,54111.15,114616.89,4179.22,36380.17,35.51,23.85,0.00,55.10,329.86,97.79,73.46
20,10,720,108.88,53806.75,113347.55,3963.75,32044.75,32.36,23.84,0.00,49.58,329.74,98.09,80.91
20,10,720,108.99,53297.43,113467.20,3991.65,33072.00,32.44,23.84,0.00,49.61,329.12,98.07,80.81
20,10,720,106.83,52846.13,113543.45,4097.50,33372.60,32.48,23.88,0.00,49.70,327.35,98.01,80.21
21,10,720,112.15,52364.45,112692.67,3942.86,30260.62,30.98,23.91,0.00,47.40,327.90,98.23,83.97
21,10,720,110.53,51876.51,112950.48,3999.29,30064.10,32.04,23.86,0.00,47.49,327.93,98.14,83.97
21,10,720,113.40,53548.73,113123.86,3948.24,27987.52,31.02,23.85,0.00,47.52,328.80,98.20,84.21
22,10,720,117.76,52227.90,112272.59,3720.73,30390.91,29.70,23.86,0.00,45.28,328.17,98.29,87.54
22,10,720,117.35,52847.51,112414.50,3818.41,33470.64,30.20,23.88,0.00,45.21,329.11,98.25,87.65
22,10,720,117.66,53205.12,113498.77,3785.91,30412.55,29.94,23.87,0.00,45.42,328.10,98.23,87.28
23,10,720,122.16,52192.96,112601.96,3627.57,29160.17,28.74,23.90,0.00,43.26,323.63,98.34,90.69
23,10,720,122.67,52760.42,112856.00,3699.91,42817.87,28.72,23.82,0.00,43.30,328.51,98.35,91.04
23,10,720,121.01,52017.95,113215.09,3769.65,39224.17,28.91,23.89,0.00,43.28,324.98,98.33,90.93
24,10,720,126.34,51622.17,108550.08,3367.25,38292.17,26.72,23.87,0.00,41.04,305.93,98.07,94.67
24,10,720,126.59,51570.72,109440.46,3427.29,39479.46,26.54,23.86,0.00,40.96,306.06,97.95,94.39
24,10,720,125.66,51525.45,110665.12,3402.08,39826.25,26.95,23.88,0.00,41.18,304.98,98.40,94.74
25,10,720,126.30,49386.21,103817.36,3132.16,41029.48,24.93,23.86,0.00,39.43,298.38,98.32,97.77
25,10,720,126.26,49434.37,106923.56,3274.76,36134.40,26.18,23.85,0.00,39.33,297.47,98.11,97.63
25,10,720,126.33,49406.74,104153.24,3148.96,40060.96,25.32,23.87,0.00,39.36,298.04,98.14,97.86
26,10,720,124.17,34761.98,91570.77,5151.19,85629.08,11.70,23.80,0.00,41.74,285.27,96.28,96.22
26,10,720,122.72,43279.51,98850.50,3591.85,59535.31,17.98,23.82,0.00,41.37,289.57,97.40,97.61
26,10,720,123.45,40778.32,96558.92,4107.92,68767.92,15.65,23.86,0.00,40.29,288.48,96.78,97.21
27,10,720,118.73,39574.98,100076.70,3939.59,72785.85,16.79,23.72,0.00,39.03,284.32,96.19,96.81
27,10,720,120.91,27215.40,86128.56,5013.11,106402.11,10.13,23.49,0.00,39.06,278.37,91.51,95.29
27,10,720,119.08,38365.11,90501.15,3958.85,65992.67,14.69,23.58,0.00,40.67,285.38,96.04,97.18
28,10,720,114.59,38654.20,92470.86,3772.14,60337.21,16.51,23.09,0.00,40.51,280.15,93.54,97.05
28,10,720,115.49,34880.17,92344.14,5004.61,84602.68,14.06,23.07,0.00,39.29,279.03,94.69,96.25
28,10,720,115.57,32959.53,89582.93,5051.18,89581.86,12.08,23.39,0.00,38.62,279.12,93.17,96.27
8,10,1080,69.12,85232.11,124443.12,3256.12,37394.62,49.16,23.84,0.00,123.40,574.66,96.01,60.36
8,10,1080,70.51,87133.45,123964.00,3370.25,31401.12,49.03,23.90,0.00,123.79,578.74,96.09,60.70
8,10,1080,68.00,84125.38,123469.25,3276.12,32813.25,50.72,23.90,0.00,124.13,576.90,96.01,60.51
10,10,1080,84.26,84241.11,121321.40,3168.10,28957.80,41.13,23.93,0.00,100.35,578.09,97.21,73.73
10,10,1080,84.26,82852.01,120865.70,3121.60,29879.00,41.91,23.93,0.00,99.75,578.26,97.00,73.86
10,10,1080,84.07,84157.50,121625.50,3157.90,32888.20,40.71,23.95,0.00,100.43,578.53,97.01,73.60
11,10,1080,94.91,85033.12,120005.82,3110.45,30536.73,37.17,23.97,0.00,91.48,580.73,97.36,80.35
11,10,1080,97.88,88560.41,120843.00,3099.82,33233.73,35.81,23.96,0.00,90.84,581.52,97.56,80.57
11,10,1080,93.09,84809.81,121002.00,3043.18,30280.00,37.69,23.90,0.00,91.40,579.38,97.51,80.49
12,10,1080,98.19,82567.89,119521.75,2833.08,28164.42,35.25,23.92,0.00,84.26,579.95,97.72,86.76
12,10,1080,106.71,88806.88,121152.42,3067.08,30104.75,32.87,23.98,0.00,83.60,581.48,97.79,87.22
12,10,1080,102.64,85804.57,119225.17,2984.42,29987.58,33.61,23.93,0.00,83.80,579.64,97.65,87.22
13,10,1080,111.61,86208.21,120055.62,2943.92,28919.38,30.18,23.98,0.00,77.52,557.16,97.92,93.35
13,10,1080,111.38,85630.36,121446.69,3006.69,38129.15,31.07,23.98,0.00,77.01,566.53,97.95,93.30
13,10,1080,111.78,86396.92,121671.00,3042.31,36884.31,30.88,23.94,0.00,77.42,563.34,97.88,93.32
14,10,1080,153.72,33502.69,121016.29,3014.86,163161.64,7.58,23.89,0.00,83.81,481.02,81.53,86.92
14,10,1080,136.69,31812.65,107457.00,3905.79,142386.43,9.46,23.88,0.00,67.93,493.41,83.42,88.97
14,10,1080,163.14,38467.23,125283.86,5871.64,162882.86,8.22,23.91,0.00,72.85,494.50,84.70,89.50
10,5,480,68.46,33106.82,39678.90,2713.40,25900.00,50.56,23.81,0.00,48.39,155.77,96.14,25.45
10,5,480,68.28,33069.17,39509.80,2741.60,22699.60,51.16,23.81,0.00,48.61,156.78,96.16,25.55
10,5,480,70.26,34091.49,39064.30,2629.40,21824.30,48.54,23.85,0.00,48.74,157.63,96.17,25.70
12,5,480,82.16,32845.51,38275.58,2572.08,15063.83,42.08,23.88,0.00,41.08,157.35,96.99,28.65
12,5,480,81.97,32646.59,38497.17,2577.33,19760.58,42.38,23.83,0.00,40.94,157.44,96.88,28.60
12,5,480,82.30,33713.66,39179.92,2596.17,16519.08,41.95,23.84,0.00,41.09,158.33,97.11,28.80
14,5,480,94.27,33160.40,38828.29,2530.00,21517.79,36.97,23.83,0.00,35.31,157.71,97.53,31.74
14,5,480,93.33,32840.00,39116.36,2572.93,21710.71,37.44,23.90,0.00,35.28,157.29,97.50,31.69
14,5,480,94.77,31955.13,38013.64,2481.07,18219.36,37.27,23.87,0.00,35.25,157.40,97.65,31.74
16,5,480,107.83,33386.50,38603.44,2490.81,16525.56,32.17,23.92,0.00,31.06,158.26,97.98,34.91
16,5,480,106.88,32989.00,38688.00,2527.19,17531.44,32.55,23.89,0.00,30.96,157.99,98.05,34.90
16,5,480,109.26,33662.25,38731.38,2426.06,18043.38,31.87,23.93,0.00,30.90,158.09,97.89,34.91
17,5,480,114.46,33169.79,38406.29,2478.35,19064.06,30.93,23.90,0.00,29.07,157.54,98.11,36.34
17,5,480,115.25,33450.32,38666.59,2460.88,17693.94,30.41,23.89,0.00,29.16,158.33,98.04,36.45
17,5,480,113.97,33076.13,38759.12,2423.82,21390.12,30.70,23.90,0.00,29.13,157.69,98.08,36.31
18,5,480,122.99,33793.26,38579.61,2431.11,20134.33,28.42,23.89,0.00,27.59,159.77,98.43,39.05
18,5,480,121.37,33448.54,38445.00,2415.28,20752.33,28.72,23.90,0.00,27.63,159.48,98.39,38.99
18,5,480,119.36,32863.44,38420.33,2416.11,19365.94,29.32,23.91,0.00,27.60,158.92,98.43,38.91
19,5,480,128.65,33642.61,38596.05,2418.63,19069.32,27.42,23.91,0.00,26.21,159.91,98.53,40.64
19,5,480,128.66,33641.63,38657.16,2404.00,22171.21,27.31,23.91,0.00,26.23,159.63,98.49,40.47
19,5,480,126.07,32888.37,38552.21,2422.37,15474.95,28.05,23.91,0.00,26.18,159.24,98.47,40.49
20,5,480,134.06,33313.96,38354.75,2398.55,18666.90,26.26,23.92,0.00,24.85,159.52,98.61,42.03
20,5,480,133.37,33022.68,38404.35,2371.10,16059.30,26.22,23.89,0.00,24.87,159.37,98.59,41.96
20,5,480,134.96,33411.54,38482.50,2364.85,18381.95,25.92,23.90,0.00,24.81,159.32,98.58,42.04
6,5,720,59.97,48496.19,38665.83,2284.67,19333.83,57.27,23.88,0.00,81.64,222.41,95.67,25.29
6,5,720,61.15,48078.71,38038.67,2191.83,18894.00,57.44,23.91,0.00,81.59,222.64,95.74,25.30
6,5,720,61.13,48433.42,38282.00,2204.67,20472.50,54.88,23.92,0.00,82.06,223.92,95.71,25.33
8,5,720,81.32,49986.13,39152.75,2252.12,23176.62,43.60,23.99,0.00,61.65,222.88,96.95,30.03
8,5,720,75.56,45768.70,38110.25,2250.25,21312.88,46.28,23.96,0.00,61.68,220.55,96.80,29.74
8,5,720,81.35,50397.68,39317.38,2253.25,22296.00,42.40,23.95,0.00,61.97,223.83,96.99,29.88
10,5,720,99.17,49432.48,38998.30,2297.90,21490.00,34.67,24.01,0.00,49.96,222.06,97.67,34.20
10,5,720,100.05,49017.54,38494.30,2301.30,19693.50,34.12,23.99,0.00,49.97,222.87,97.66,34.27
10,5,720,98.06,49075.59,38628.80,2312.20,24013.80,36.28,23.99,0.00,50.09,222.66,97.64,34.15
12,5,720,118.26,49507.39,38845.42,2341.33,21751.33,29.12,23.99,0.00,41.87,222.62,98.16,38.73
12,5,720,118.65,49562.08,37228.75,2158.00,18417.75,29.17,24.02,0.00,41.75,222.55,98.17,38.77
12,5,720,118.32,49269.51,38793.50,2350.58,18940.50,28.50,24.05,0.00,41.68,221.41,98.17,38.63
13,5,720,129.97,50360.66,38847.54,2415.92,20917.92,26.60,24.06,0.00,38.73,222.99,98.39,40.98
13,5,720,126.27,48947.92,38502.69,2373.38,18757.23,27.25,24.04,0.00,38.81,221.77,98.36,40.84
13,5,720,132.78,50506.16,38429.92,2407.92,21179.54,25.74,24.03,0.00,38.68,222.15,98.48,40.95
14,5,720,141.54,51229.05,39509.43,2461.57,21210.64,25.07,24.06,0.00,36.28,222.20,98.59,43.12
14,5,720,139.24,50348.91,38970.36,2367.79,19974.79,25.19,24.04,0.00,36.13,222.00,98.52,43.09
14,5,720,144.40,51811.27,39574.21,2511.14,22004.29,24.15,24.07,0.00,35.85,223.53,98.64,43.49
15,5,720,142.07,46931.71,37757.40,2340.40,18289.53,24.95,24.05,0.00,33.57,222.62,98.66,45.60
15,5,720,142.26,47883.34,38046.80,2352.87,20506.73,24.55,24.06,0.00,33.74,222.25,98.65,45.37
15,5,720,137.25,46258.42,38019.33,2292.20,22634.00,25.56,24.04,0.00,33.72,221.96,98.60,45.31
4,5,1080,62.14,75870.65,44900.25,1987.25,14771.75,52.66,23.99,0.00,123.27,367.57,95.16,27.59
4,5,1080,60.60,71946.68,43617.50,2044.00,16309.00,58.73,23.98,0.00,122.47,369.32,94.87,27.72
4,5,1080,62.61,74062.03,43322.25,1941.00,14875.25,56.24,24.01,0.00,122.68,368.77,95.16,27.67
6,5,1080,87.87,73513.43,44033.00,1994.00,11000.83,39.19,24.07,0.00,83.53,367.82,96.95,35.73
6,5,1080,92.35,76682.73,45515.17,2069.00,16468.83,37.91,24.06,0.00,83.22,368.67,96.95,35.69
6,5,1080,89.50,73521.29,43987.33,2013.50,15795.83,38.87,24.04,0.00,82.45,366.81,97.06,35.70
7,5,1080,102.49,73588.32,44075.71,2139.86,13672.29,34.10,24.08,0.00,71.75,368.68,97.34,39.56
7,5,1080,105.09,75873.53,44893.86,2126.57,19086.86,32.84,24.10,0.00,72.00,368.82,97.42,39.58
7,5,1080,107.94,77717.54,45874.86,2162.71,17415.29,32.35,24.07,0.00,72.15,369.14,97.44,39.49
8,5,1080,116.48,73357.03,44146.38,2127.75,17699.25,28.87,24.15,0.00,63.04,367.57,97.87,43.40
8,5,1080,120.37,74848.00,43997.62,2230.88,16159.00,28.27,24.14,0.00,63.08,367.26,97.77,43.41
8,5,1080,121.62,77116.01,44539.62,2260.62,16947.12,28.48,24.14,0.00,63.42,367.71,97.91,43.39
9,5,1080,138.19,77351.43,45464.78,2307.67,17009.33,25.67,24.17,0.00,56.12,369.13,98.22,47.57
9,5,1080,133.49,75070.15,44595.44,2277.67,17828.11,26.42,24.12,0.00,56.31,369.36,98.13,47.61
9,5,1080,143.53,80566.39,46053.56,2450.67,20135.33,24.59,24.14,0.00,56.29,369.87,98.15,47.52
10,5,1080,149.83,75121.69,43725.80,2382.90,16933.70,23.74,24.12,0.00,50.73,367.66,98.48,51.45
10,5,1080,150.03,76094.34,44674.30,2394.60,19378.80,23.26,24.14,0.00,50.90,366.96,98.43,51.20
10,5,1080,150.13,75963.47,44426.70,2343.20,19500.40,22.93,24.15,0.00,50.71,367.79,98.40,51.41
33,10,480,126.55,38001.12,114541.70,5398.76,40677.97,27.32,23.76,0.00,30.12,230.86,98.25,87.18
33,10,480,117.28,35226.78,113972.00,5351.94,27637.30,29.67,23.80,0.00,30.14,232.58,98.47,87.87
33,10,480,123.38,37028.20,114380.06,5276.06,22891.30,28.51,23.80,0.00,30.13,232.35,98.40,87.95
34,10,480,123.27,35952.09,114058.88,5238.44,28116.15,27.90,23.79,0.00,29.30,224.67,98.32,90.15
34,10,480,122.23,35602.66,114057.24,5250.91,28268.68,28.28,23.81,0.00,29.25,232.20,98.47,90.26
34,10,480,122.55,35877.57,113791.94,5244.44,25514.79,28.10,23.77,0.00,29.39,232.24,98.23,89.92
35,10,480,126.31,35810.87,114402.74,5180.60,27499.60,27.67,23.82,0.00,28.42,217.67,98.50,92.43
35,10,480,126.03,35735.98,114404.23,5226.29,33480.14,27.55,23.82,0.00,28.47,224.12,98.43,92.46
35,10,480,128.11,36276.13,114514.40,5074.66,31260.97,27.07,23.79,0.00,28.39,215.20,98.50,92.73
36,10,480,128.28,35406.25,115125.64,5028.28,32774.89,27.21,23.82,0.00,27.67,206.75,98.48,94.55
36,10,480,130.07,35849.08,115640.00,5075.11,29899.56,26.51,23.79,0.00,27.62,205.21,98.44,94.94
36,10,480,127.48,35084.07,114832.31,5040.69,33510.69,27.17,23.80,0.00,27.61,204.56,98.38,94.76
37,10,480,131.25,35105.74,116114.68,4918.05,31370.35,26.99,23.81,0.00,26.86,201.10,98.43,97.45
37,10,480,133.41,35674.89,115834.32,4999.68,31027.24,26.29,23.81,0.00,26.86,200.35,98.38,97.33
37,10,480,134.18,35945.84,115879.43,4893.16,30721.08,26.52,23.84,0.00,26.91,200.23,98.41,97.12
38,10,480,193.63,45531.69,144274.21,5228.50,78375.03,22.00,23.85,0.00,26.58,197.77,98.30,98.32
38,10,480,226.05,49358.80,158007.42,7266.18,106815.79,19.69,23.87,0.00,26.83,197.86,97.80,98.13
38,10,480,190.95,44831.74,144685.87,5183.97,81195.18,21.75,23.85,0.00,26.90,197.53,98.17,98.48
39,10,480,208.22,46602.74,145444.95,6402.82,83205.72,16.27,23.83,0.00,27.59,195.71,98.06,98.46
39,10,480,205.77,44807.01,146710.05,7429.38,88504.23,15.62,23.82,0.00,27.55,196.07,97.76,98.33
39,10,480,224.28,46180.09,164452.08,8235.85,121374.36,16.74,23.86,0.00,28.21,194.88,97.49,98.51
40,10,480,281.03,51860.77,185630.00,11149.77,158798.23,12.68,23.71,0.00,29.87,194.30,95.96,98.18
22,10,720,132.62,59993.90,113837.41,3643.82,44242.91,27.35,23.86,0.00,45.28,329.52,98.58,90.80
22,10,720,126.05,56793.08,113459.95,3727.59,38734.55,27.63,23.86,0.00,45.15,326.11,98.48,90.70
22,10,720,133.39,60328.02,113624.77,3560.73,41840.64,26.40,23.88,0.00,45.36,328.67,98.65,90.29
23,10,720,136.29,59121.81,113992.87,3524.39,36102.13,25.50,23.90,0.00,43.45,310.82,98.69,93.66
23,10,720,132.87,57332.36,114126.61,3594.09,39848.13,25.90,23.89,0.00,43.27,316.88,98.65,93.95
23,10,720,137.44,59266.72,114399.00,3577.52,42321.96,25.69,23.89,0.00,43.25,314.63,98.72,94.40
24,10,720,143.84,59644.16,115619.62,3410.08,42033.04,24.73,23.89,0.00,41.54,302.02,98.74,97.67
24,10,720,142.46,59096.19,115164.92,3495.79,40000.12,24.61,23.88,0.00,41.50,301.73,98.73,97.70
24,10,720,142.54,59000.85,115121.33,3475.38,40707.21,24.73,23.88,0.00,41.54,301.10,98.80,97.57
25,10,720,189.42,64874.09,146045.60,7081.04,87257.24,15.32,23.91,0.00,41.44,296.87,98.23,97.91
25,10,720,175.86,62812.05,139931.44,6120.76,82239.72,17.39,23.90,0.00,41.75,296.11,98.27,97.89
25,10,720,235.13,69404.38,183390.92,8185.08,145005.64,12.18,23.96,0.00,42.51,296.94,98.09,97.93
26,10,720,189.76,61782.88,151036.42,6329.04,101593.62,13.58,23.62,0.00,41.71,293.55,96.40,97.21
26,10,720,224.99,66104.21,165923.77,9702.92,120654.69,13.65,23.60,0.00,41.36,293.39,96.74,97.35
26,10,720,166.16,58304.69,135087.50,4969.19,81996.69,17.59,23.62,0.00,41.19,292.25,96.89,97.26
27,10,720,231.18,66146.34,172375.26,8745.37,135213.93,11.58,23.37,0.00,40.81,291.91,94.97,97.28
27,10,720,260.97,68061.87,191639.30,11974.85,160863.52,10.04,23.26,0.00,40.91,289.17,93.59,96.29
27,10,720,207.02,61866.60,157109.81,8864.56,115340.33,12.25,23.16,0.00,41.25,291.70,95.10,96.96
28,10,720,217.67,61454.94,160205.96,8466.96,120627.21,11.37,22.94,0.00,40.56,289.27,91.81,96.58
28,10,720,198.85,60514.65,147955.04,9117.43,101510.61,14.62,23.05,0.00,41.28,288.86,93.28,95.81
28,10,720,188.81,59239.24,147681.29,6363.00,110687.46,13.28,23.12,0.00,40.11,288.56,92.25,96.26
14,10,1080,109.65,84768.21,116161.57,2919.50,46384.00,28.14,23.33,0.00,77.30,545.91,95.78,95.65
14,10,1080,110.01,84670.07,115481.29,2862.36,44612.07,27.82,23.27,0.00,76.13,546.88,94.65,95.47
14,10,1080,111.22,85790.48,115501.71,2892.86,44283.57,27.72,23.27,0.00,76.69,546.37,94.72,95.75
15,10,1080,111.55,82431.20,113404.40,3196.93,48355.80,22.49,23.13,0.00,75.09,537.31,88.09,94.81
15,10,1080,102.31,78416.05,107591.60,2709.27,47312.87,26.35,23.15,0.00,75.42,531.86,87.40,94.25
15,10,1080,104.57,79872.26,108915.27,2756.40,46743.13,24.70,23.14,0.00,75.86,535.62,91.33,94.69
16,10,1080,99.78,76404.47,102375.06,2620.19,50982.00,23.70,22.26,0.00,73.00,525.27,86.15,93.08
16,10,1080,103.66,79031.76,102716.44,2556.12,49261.06,23.48,21.72,0.00,73.56,522.74,86.69,93.17
16,10,1080,101.64,77403.00,102528.38,2590.31,48432.38,23.37,22.25,0.00,72.66,527.89,84.66,93.49
17,10,1080,91.21,69736.99,96081.94,2425.29,46113.82,23.19,21.74,0.00,70.03,524.55,84.03,94.09
17,10,1080,95.37,72172.54,96397.06,2490.18,49799.71,22.02,21.76,0.00,69.32,526.17,83.21,94.13
17,10,1080,95.49,71130.77,98086.29,2473.29,50257.41,20.72,21.09,0.00,71.63,520.12,79.81,92.82
18,10,1080,98.48,67761.30,95575.50,2832.00,51452.33,16.89,21.20,0.00,67.54,507.74,77.35,93.47
18,10,1080,90.39,67588.72,91693.28,2447.67,50513.61,19.67,20.57,0.00,68.04,511.05,77.88,92.69
18,10,1080,87.57,65639.46,90324.67,2369.44,49002.61,21.27,21.49,0.00,67.68,521.56,80.14,94.79
19,10,1080,89.02,65721.19,87988.63,2299.63,51279.47,19.47,21.16,0.00,66.80,510.75,77.31,94.86
19,10,1080,107.29,69981.50,103446.11,3759.58,67620.11,12.71,19.91,0.00,66.70,491.12,77.40,93.09
19,10,1080,83.98,62158.53,87506.58,2386.21,53141.53,18.66,20.15,0.00,66.65,507.77,77.63,93.63
20,10,1080,82.70,57903.37,83955.80,2331.75,50290.60,16.42,19.52,0.00,60.52,491.23,74.48,94.34
20,10,1080,79.51,58481.92,82203.60,2115.20,50063.30,18.94,19.85,0.00,64.53,490.04,74.01,92.88
20,10,1080,79.73,57779.53,83292.75,2255.80,51987.25,18.46,18.89,0.00,62.88,497.64,75.82,93.98
45,15,480,135.33,44614.06,116874.96,5459.62,46263.24,24.50,23.75,0.00,33.07,256.86,98.40,64.86
34,15,480,101.36,43823.15,118476.97,6945.79,35702.15,34.46,23.76,0.00,43.44,260.34,97.40,50.70
34,15,480,102.46,44455.37,118335.18,6797.26,31054.32,33.62,23.79,0.00,43.63,259.62,97.86,50.59
34,15,480,100.81,43316.78,117716.97,6973.97,39502.12,34.03,23.76,0.00,43.52,259.90,97.62,50.56
36,15,480,105.63,43385.80,117988.11,6707.17,36049.50,33.05,23.78,0.00,41.23,259.47,97.74,53.31
36,15,480,104.51,42890.02,117762.81,6872.25,38515.86,32.89,23.75,0.00,41.19,259.62,97.74,53.28
36,15,480,105.07,43061.64,117980.58,6668.69,32617.44,33.44,23.81,0.00,41.19,259.09,97.83,53.22
38,15,480,108.78,42372.04,117332.71,6444.53,31783.29,32.15,23.80,0.00,39.13,259.39,97.90,55.96
38,15,480,109.59,42671.36,117726.18,6432.89,32212.79,32.07,23.80,0.00,39.12,259.26,98.11,55.96
38,15,480,108.88,42362.43,117533.79,6412.53,30035.16,32.53,23.81,0.00,39.11,259.55,97.91,56.05
39,15,480,113.40,43051.60,117209.87,6211.33,34159.77,30.67,23.80,0.00,38.11,259.44,97.99,57.41
39,15,480,113.44,43008.85,117264.18,6083.28,34229.21,31.24,23.79,0.00,38.09,259.96,98.20,57.50
39,15,480,104.98,39699.14,116791.10,6507.26,32391.82,33.21,23.78,0.00,38.06,259.25,97.87,57.36
40,15,480,107.07,39288.63,116685.32,6262.85,34174.40,32.39,23.79,0.00,37.09,259.01,97.93,58.67
40,15,480,109.60,40513.56,117053.25,6400.40,34223.38,31.97,23.79,0.00,37.09,259.36,98.01,58.76
40,15,480,117.86,43435.77,116989.18,6051.30,34501.03,29.68,23.80,0.00,37.31,259.79,98.11,58.75
41,15,480,117.80,42706.00,116879.39,5956.20,32295.51,29.46,23.78,0.00,36.35,259.74,98.25,60.11
41,15,480,116.23,42070.91,116566.15,6111.98,32218.73,29.69,23.81,0.00,36.35,259.71,98.02,60.10
41,15,480,117.87,42784.86,116873.22,5882.76,28057.22,29.67,23.80,0.00,36.43,259.86,98.30,60.11
42,15,480,119.10,42014.07,116577.79,5838.29,29491.31,29.48,23.82,0.00,35.46,259.71,98.32,61.53
42,15,480,116.88,40985.26,115277.24,5886.98,28301.12,29.68,23.80,0.00,35.52,258.75,98.30,61.27
42,15,480,119.37,42254.46,116594.36,5995.86,32647.29,29.39,23.81,0.00,35.52,259.11,98.12,61.38
43,15,480,121.96,42226.38,114807.70,5598.79,29799.65,28.63,23.80,0.00,34.73,259.66,98.47,62.89
43,15,480,115.59,39663.73,116056.44,5785.93,31771.12,30.33,23.80,0.00,34.62,259.64,98.03,62.93
43,15,480,116.79,39875.02,116206.05,5812.12,33361.53,30.04,23.80,0.00,34.67,259.55,98.28,62.79
24,15,720,97.48,60188.32,155605.92,6923.88,48829.38,35.41,23.76,0.00,61.97,423.10,97.91,60.59
24,15,720,97.87,60329.73,155247.46,6838.12,38375.33,35.88,23.77,0.00,61.91,424.06,97.86,60.81
24,15,720,102.33,62652.73,155336.25,6690.92,48510.96,34.31,23.76,0.00,62.00,422.91,98.03,60.58
26,15,720,106.04,60584.22,155452.92,6458.27,48429.42,32.93,23.81,0.00,57.33,422.18,98.10,65.09
26,15,720,108.54,61998.86,154785.23,6298.77,46416.81,31.92,23.77,0.00,57.36,423.01,98.24,65.27
26,15,720,106.69,60925.97,155599.77,6285.73,46975.92,33.04,23.82,0.00,57.42,421.28,98.23,64.96
28,15,720,114.89,60734.37,153489.00,6167.11,46856.71,30.20,23.79,0.00,53.15,421.15,98.37,69.81
28,15,720,116.21,61674.48,148560.68,5582.57,39234.68,30.15,23.82,0.00,53.29,422.44,98.54,69.94
28,15,720,116.41,61896.66,153284.96,5877.46,37589.36,30.01,23.82,0.00,53.41,423.49,98.52,70.14
29,15,720,121.07,61920.92,153010.86,5711.48,38779.21,28.53,23.78,0.00,51.62,422.02,98.50,72.14
29,15,720,121.49,62254.65,153271.14,5714.21,43708.31,28.08,23.83,0.00,51.52,421.54,98.46,72.15
29,15,720,124.15,63591.09,152799.14,5568.28,43079.72,28.09,23.79,0.00,51.47,423.36,98.49,72.47
30,15,720,127.00,63066.00,152422.90,5406.57,39970.80,27.48,23.81,0.00,49.93,422.90,98.83,74.66
30,15,720,126.09,62607.54,152483.73,5372.40,45400.33,27.90,23.79,0.00,49.83,423.84,98.60,74.83
30,15,720,119.41,59206.68,152330.03,5665.00,45640.63,29.53,23.80,0.00,49.75,423.17,98.48,74.88
31,15,720,120.83,57702.08,152679.52,5590.45,36011.71,28.55,23.80,0.00,48.20,420.91,98.45,76.66
31,15,720,125.68,59857.25,152012.61,5286.10,43717.32,27.97,23.81,0.00,48.19,423.09,98.58,77.16
31,15,720,124.84,59992.44,152415.32,5427.42,46077.00,28.01,23.80,0.00,48.20,421.86,98.57,76.87
32,15,720,126.08,58751.81,151231.59,5372.41,48980.28,27.52,23.79,0.00,46.75,422.54,98.55,79.30
44,15,480,120.23,40571.23,116335.98,5775.70,32449.02,29.14,23.79,0.00,33.87,259.58,98.33,64.91
44,15,480,120.71,40789.72,116204.50,5642.25,33060.55,29.00,23.82,0.00,33.92,259.41,98.27,64.82
44,15,480,120.63,40702.70,116218.75,5723.32,24313.80,28.73,23.81,0.00,33.88,259.22,98.26,64.52
45,15,480,124.03,40965.60,116267.71,5726.53,31364.84,28.20,23.83,0.00,33.12,259.58,98.26,65.94
45,15,480,121.43,40084.77,116449.69,5631.42,33816.04,28.80,23.82,0.00,33.16,258.71,98.40,65.57
45,15,480,123.54,40732.43,115905.80,5454.42,28796.13,28.46,23.80,0.00,33.32,260.04,98.32,65.68
46,15,480,125.47,40620.53,115979.35,5551.98,29672.20,28.10,23.81,0.00,32.49,259.41,98.31,67.02
46,15,480,123.20,39913.11,113558.48,5440.83,25982.02,28.28,23.81,0.00,32.53,259.62,98.46,67.00
46,15,480,123.70,40137.62,115905.98,5676.52,27124.87,28.28,23.80,0.00,32.59,259.42,98.38,67.01
47,15,480,127.70,40447.73,115860.55,5263.02,27605.51,27.29,23.81,0.00,31.83,259.74,98.53,68.54
47,15,480,127.01,40225.17,115955.06,5409.17,29584.38,27.59,23.81,0.00,31.79,259.27,98.41,68.42
47,15,480,129.25,40989.34,115675.00,5324.60,31867.64,27.19,23.83,0.00,31.84,259.67,98.43,68.45
48,15,480,130.01,40420.41,115796.94,5345.35,31139.96,26.79,23.80,0.00,31.21,258.87,98.49,69.58
48,15,480,131.78,40554.24,115550.54,5312.33,27584.17,26.52,23.82,0.00,31.20,259.69,98.64,69.83
48,15,480,131.36,40382.08,115594.52,5279.12,25721.42,26.77,23.82,0.00,31.24,259.41,98.54,69.72
33,15,720,132.09,59609.60,151576.79,5180.55,39870.15,26.70,23.81,0.00,45.38,423.40,98.68,81.98
33,15,720,133.01,60268.14,150721.21,5111.15,41804.33,26.05,23.83,0.00,45.47,424.43,98.98,82.17
33,15,720,129.61,58194.13,151218.12,5282.70,38038.12,26.75,23.81,0.00,45.35,422.48,98.65,81.85
34,15,720,134.38,58982.03,150876.44,5043.26,40621.32,26.17,23.81,0.00,44.09,422.54,98.86,84.22
34,15,720,135.11,59141.85,150679.79,4990.24,40322.79,25.78,23.81,0.00,44.16,423.46,98.91,84.26
34,15,720,134.80,59232.98,151056.12,5003.74,38822.12,25.71,23.81,0.00,44.04,423.05,99.03,84.31
14,15,1080,93.32,99074.04,159688.93,4219.29,42580.93,37.48,23.78,0.00,106.81,774.24,97.72,66.23
14,15,1080,88.80,94975.12,157762.07,4280.79,34840.21,39.26,23.72,0.00,107.39,770.63,97.62,66.02
14,15,1080,92.24,98355.93,158613.36,4209.00,42365.86,36.98,23.73,0.00,106.91,771.33,97.78,66.12
15,15,1080,98.87,98751.00,157321.27,4149.13,43595.80,35.61,23.78,0.00,100.50,773.80,97.96,70.45
15,15,1080,93.91,94129.64,156148.67,4197.27,42992.53,37.43,23.80,0.00,100.35,769.83,97.80,70.29
15,15,1080,96.59,96880.63,158188.47,4134.47,43590.87,36.27,23.77,0.00,100.77,772.24,98.01,70.33
16,15,1080,104.26,98306.06,156170.06,4028.62,39402.81,33.62,23.79,0.00,94.45,772.04,98.11,74.68
16,15,1080,103.09,96335.39,156354.88,4014.19,40415.88,33.85,23.77,0.00,94.45,771.52,98.15,74.72
16,15,1080,100.95,94791.92,155565.25,4040.69,42626.81,34.20,23.78,0.00,94.29,770.42,98.10,74.80
17,15,1080,109.91,97347.23,155947.41,3933.59,37825.12,31.79,23.81,0.00,88.88,772.43,98.18,78.96
17,15,1080,109.52,96932.25,155109.65,3971.06,40612.06,31.85,23.80,0.00,88.96,770.97,98.21,79.10
17,15,1080,109.76,97514.67,155950.24,3902.88,34778.24,31.83,23.80,0.00,88.94,772.79,98.26,79.16
18,15,1080,116.34,97170.24,155242.00,3857.67,41837.44,30.37,23.82,0.00,83.79,771.73,98.35,83.65
18,15,1080,120.97,101139.87,155035.67,3858.83,38859.33,28.90,23.83,0.00,83.80,772.76,98.42,83.61
18,15,1080,119.47,100122.57,155844.22,3852.89,38201.61,28.62,23.79,0.00,84.06,772.27,98.34,83.41
19,15,1080,124.03,98150.23,154454.32,3777.79,36311.32,27.88,23.82,0.00,79.96,774.14,98.46,87.69
19,15,1080,120.66,96248.01,153631.32,3783.16,33104.63,28.82,23.81,0.00,79.92,771.81,98.39,87.84
19,15,1080,121.03,95621.42,154978.95,3747.95,42820.21,28.41,23.83,0.00,79.36,770.25,98.41,88.32
20,15,1080,123.90,93674.45,155258.05,3698.05,41378.35,28.12,23.82,0.00,75.80,769.65,98.44,93.72
20,15,1080,128.07,96741.80,154269.45,3664.55,38986.65,27.07,23.78,0.00,75.74,770.73,98.52,93.56
20,15,1080,125.86,94615.55,153778.60,3708.75,45225.65,27.52,23.82,0.00,75.33,770.37,98.49,93.88
21,15,1080,133.13,95678.24,158611.95,3493.67,46874.48,26.25,23.78,0.00,71.98,737.93,98.24,97.92
21,15,1080,138.09,99413.34,159815.76,3484.67,50616.14,24.88,23.78,0.00,72.14,737.35,98.53,97.70
21,15,1080,137.47,98733.71,159202.86,3561.24,49010.90,25.02,23.81,0.00,72.04,738.52,98.57,97.81
22,15,1080,132.46,94105.79,153639.55,3495.36,52912.50,24.39,23.48,0.00,70.66,722.84,97.38,97.70
22,15,1080,182.93,111416.97,210130.32,6876.18,119014.27,22.72,23.55,0.00,72.76,729.71,96.68,96.50
22,15,1080,135.06,97127.00,153080.50,3487.14,53958.05,23.02,23.37,0.00,72.30,726.11,97.01,96.87
23,15,1080,132.58,93542.90,147487.30,3371.91,54203.87,22.25,23.07,0.00,70.86,721.97,94.23,96.55
23,15,1080,125.66,89882.74,146422.96,3289.13,54814.57,24.63,23.00,0.00,70.77,718.07,94.69,96.26
23,15,1080,164.65,105061.35,199712.17,5154.87,114686.52,21.78,22.92,0.00,71.57,720.86,94.65,96.53
23,15,1080,135.29,95059.95,156527.70,3573.35,56806.78,22.24,22.95,0.00,71.33,723.49,94.78,96.75
23,15,1080,160.68,100510.92,193795.04,5010.35,107240.65,21.80,22.81,0.00,72.41,721.89,93.93,96.44
25,15,1080,163.97,98818.50,195304.56,5767.96,125348.72,19.60,22.24,0.00,69.47,706.50,90.93,95.21
====
22,15,1080,165.40,108488.13,205323.41,5776.77,120985.45,17.28,23.55,0.00,74.62,727.01,96.49,95.81
22,15,1080,180.09,106436.12,219408.36,6348.36,132253.27,18.66,23.33,0.00,74.19,722.67,95.78,95.96
22,15,1080,155.80,104783.34,187428.82,5724.00,97089.14,18.75,23.44,0.00,74.04,728.32,96.46,95.86
23,15,1080,133.48,103202.16,204203.17,5786.30,126874.91,15.02,23.03,0.00,73.44,716.91,94.04,95.08
23,15,1080,196.37,111726.54,224338.30,7349.61,150983.00,15.44,23.19,0.00,73.49,721.93,93.65,95.38
23,15,1080,121.63,97058.31,163978.91,4614.83,81486.65,15.82,23.12,0.00,73.62,717.21,96.58,94.35
24,15,1080,181.43,99693.84,196724.12,5606.83,118292.54,18.67,22.67,0.00,69.73,709.98,92.61,95.93
24,15,1080,136.79,95964.57,166348.29,5906.67,92380.83,15.18,22.69,0.00,72.73,709.56,91.99,94.34
24,15,1080,206.23,108019.86,212399.58,8401.96,144255.71,14.59,22.85,0.00,74.14,716.42,91.95,95.10
19,15,1080,126.15,101793.39,155210.32,3763.42,46446.95,26.61,23.79,0.00,79.63,771.65,98.54,90.49
19,15,1080,125.27,102392.28,156568.21,3767.16,40101.63,25.63,23.82,0.00,79.35,770.25,98.49,90.70
19,15,1080,123.71,101865.49,156582.68,3822.00,39507.47,26.05,23.80,0.00,79.92,771.68,98.49,90.59
20,15,1080,125.40,103751.24,156895.65,3689.95,41784.20,23.51,23.79,0.00,75.85,762.51,98.61,94.87
20,15,1080,125.78,100899.87,157060.20,3736.90,46611.10,24.49,23.84,0.00,75.90,765.13,98.58,94.56
20,15,1080,126.84,99143.91,156785.95,3700.10,46339.75,26.35,23.79,0.00,75.88,769.90,98.52,94.72
21,15,1080,144.58,111215.18,199106.57,6220.33,103360.81,17.18,23.84,0.00,76.72,735.71,98.00,95.67
21,15,1080,124.09,105429.52,193864.57,5084.05,95488.05,17.68,23.82,0.00,74.63,735.18,98.00,95.92
21,15,1080,123.99,99867.39,169922.19,4727.86,72804.62,19.52,23.85,0.00,76.14,733.57,98.13,96.01
22,15,1080,140.02,102460.57,191962.77,5285.32,105464.36,17.91,23.51,0.00,74.64,726.47,96.37,95.47
22,15,1080,120.00,105406.45,191353.23,5610.59,106136.27,14.12,23.48,0.00,77.87,727.94,96.40,94.83
22,15,1080,122.65,107688.57,197623.09,5489.64,111709.36,15.20,23.54,0.00,77.53,732.18,96.44,95.26
23,15,1080,295.67,130150.46,269232.48,13854.87,215402.57,13.68,23.17,0.00,72.76,719.64,93.89,95.47
23,15,1080,147.00,96091.54,171483.30,4647.52,83378.26,19.06,22.87,0.00,72.90,716.03,94.40,95.20
23,15,1080,189.90,104523.33,201180.39,6965.57,126366.09,17.87,22.94,0.00,73.39,718.87,93.49,95.52
24,15,1080,126.12,90562.73,151656.08,3796.25,72453.67,17.23,22.56,0.00,73.59,717.17,92.55,94.77
24,15,1080,185.30,104058.66,193014.46,6920.83,120914.42,15.45,22.67,0.00,73.72,699.91,93.12,95.19
24,15,1080,188.88,101097.03,202162.62,6185.00,131071.38,16.79,22.76,0.00,72.48,718.59,92.38,94.95
19,15,1080,123.01,102917.49,156854.05,3851.47,46595.42,25.43,23.82,0.00,79.96,771.89,98.53,90.47
19,15,1080,124.64,99903.91,155746.74,3781.16,37150.21,27.25,23.79,0.00,79.50,771.21,98.56,90.92
19,15,1080,124.47,102712.15,156259.26,3914.68,39102.53,26.02,23.81,0.00,79.86,771.57,98.54,90.60
19,15,1080,121.83,98426.64,155099.00,3845.11,38731.05,26.55,23.81,0.00,79.71,769.35,98.48,90.56
19,15,1080,123.38,99890.26,156288.05,3708.21,38481.37,26.96,23.77,0.00,79.80,772.15,98.48,90.66
19,15,1080,124.74,100149.46,156331.16,3828.47,36110.32,27.79,23.78,0.00,79.88,771.44,98.53,90.67
19,15,1080,121.21,98800.57,155882.79,3785.37,40115.53,27.16,23.81,0.00,80.17,771.18,98.47,90.36
19,15,1080,123.41,99660.20,155440.53,3848.89,40805.95,26.34,23.81,0.00,79.43,769.59,98.54,90.72
20,15,1080,131.43,101026.10,158202.40,3771.25,34279.25,26.21,23.83,0.00,75.66,761.56,98.56,95.15
20,15,1080,126.72,101665.86,156726.90,3736.05,47071.85,24.19,23.80,0.00,75.63,765.04,98.61,94.98
20,15,1080,128.33,99705.97,157018.95,3673.45,46774.80,25.66,23.82,0.00,75.26,764.71,98.58,94.98
20,15,1080,128.14,99703.71,157612.80,3657.50,46750.00,25.86,23.81,0.00,75.67,766.23,98.50,94.96
20,15,1080,131.42,102145.15,156900.40,3803.80,47470.80,25.90,23.82,0.00,75.76,768.84,98.58,94.98
20,15,1080,124.83,98475.89,156280.85,3711.35,45948.65,25.44,23.79,0.00,75.72,766.60,98.55,94.92
20,15,1080,128.48,100598.16,157620.90,3704.45,46143.65,25.24,23.83,0.00,75.46,762.71,98.59,95.01
20,15,1080,124.52,100046.97,156734.00,3793.30,46771.15,25.02,23.82,0.00,75.71,763.12,98.53,94.86
21,15,1080,120.00,114086.68,210481.14,6046.76,120593.29,14.59,23.88,0.00,75.74,736.10,98.00,95.73
21,15,1080,161.19,107337.37,200536.14,5760.43,103684.86,20.68,23.87,0.00,74.31,733.68,98.07,96.52
21,15,1080,198.64,123068.75,249944.48,8895.90,165900.33,14.87,23.91,0.00,76.61,733.87,97.77,95.72
21,15,1080,128.57,110837.09,203570.95,6679.05,109953.76,16.55,23.89,0.00,75.86,734.42,97.92,95.97
21,15,1080,214.99,121907.11,240525.14,8753.62,154471.90,15.86,23.89,0.00,75.32,734.73,97.75,96.20
21,15,1080,154.23,105943.85,203046.81,5856.00,108171.10,20.43,23.84,0.00,74.57,732.68,98.01,96.35
21,15,1080,156.64,106260.75,201936.71,6426.71,106021.81,19.49,23.85,0.00,75.87,733.33,97.85,96.65
21,15,1080,134.28,105890.32,183850.52,5630.48,83728.10,18.91,23.85,0.00,75.17,734.06,98.15,96.09
22,15,1080,184.32,110970.33,217636.55,6654.05,130844.18,17.35,23.51,0.00,74.25,726.78,95.98,95.69
22,15,1080,156.88,103749.12,189147.73,5658.45,98811.73,19.13,23.41,0.00,74.67,726.61,96.38,95.96
22,15,1080,142.03,106992.19,199843.18,5876.36,114096.36,16.48,23.50,0.00,74.08,728.01,96.47,95.51
22,15,1080,139.75,105470.63,191993.41,5337.14,103205.00,16.67,23.52,0.00,75.44,729.54,96.43,95.49
22,15,1080,120.00,113533.02,229431.86,7174.18,150233.14,12.86,23.52,0.00,75.11,726.35,96.00,94.66
22,15,1080,123.35,99596.38,177023.64,4511.41,86276.27,17.07,23.49,0.00,74.38,726.57,96.26,95.38
22,15,1080,134.67,105937.28,184652.95,5240.82,95869.95,16.62,23.68,0.00,75.82,731.41,96.50,95.62
22,15,1080,146.26,107817.62,208720.59,7223.23,130144.95,15.61,23.55,0.00,74.65,728.46,95.99,95.60
23,15,1080,120.00,99317.57,180596.39,4992.22,100743.87,12.16,23.07,0.00,74.94,724.52,93.67,94.82
23,15,1080,193.29,110184.95,223232.52,8913.52,152319.65,14.26,23.13,0.00,74.11,720.92,93.64,94.99
23,15,1080,158.19,102737.12,203511.00,6181.00,125826.22,15.56,23.28,0.00,74.43,722.45,94.46,95.17
23,15,1080,147.58,99436.68,192376.17,5309.57,112904.48,16.61,23.25,0.00,73.91,718.60,94.02,94.47
23,15,1080,120.00,100239.77,185840.30,5679.74,106947.52,10.67,22.95,0.00,74.33,716.55,93.25,93.91
23,15,1080,208.13,108478.07,225254.87,7710.61,154837.39,15.42,23.08,0.00,74.10,714.60,93.80,95.01
23,15,1080,242.03,118711.11,242808.04,11264.87,178014.39,13.10,23.17,0.00,73.11,714.20,94.56,95.63
23,15,1080,151.36,102126.29,199825.78,6304.13,123011.35,15.14,23.05,0.00,74.76,717.48,93.80,94.65
24,15,1080,193.61,102102.89,205417.83,6654.42,137408.83,16.56,22.83,0.00,72.37,708.91,92.92,94.77
24,15,1080,120.00,90294.76,149573.88,4050.75,73503.50,15.71,22.31,0.00,73.62,711.48,92.57,93.76
24,15,1080,122.72,99576.44,178150.83,5959.08,105848.67,13.26,22.65,0.00,72.64,713.38,91.67,95.60
24,15,1080,141.43,95733.93,168933.62,5024.04,93272.71,15.96,22.81,0.00,73.33,712.27,92.69,94.37
24,15,1080,295.34,127407.52,267678.75,13663.58,209916.00,12.70,22.83,0.00,71.53,704.77,91.70,95.06
24,15,1080,168.27,104842.03,190222.25,7910.46,122984.71,12.59,22.59,0.00,73.09,713.26,92.38,94.11
24,15,1080,207.69,107940.35,229741.25,8299.58,159639.08,13.43,22.66,0.00,73.04,713.39,91.79,94.50
24,15,1080,200.99,104325.42,205447.92,6543.46,126674.38,15.94,22.27,0.00,73.04,702.81,93.26,95.30
36,15,480,112.63,44319.44,125781.19,5986.39,40354.19,30.94,23.74,0.00,40.86,259.26,96.89,56.47
36,15,480,111.20,44794.78,126118.25,5909.78,36392.19,31.77,23.78,0.00,40.91,259.37,97.20,56.45
36,15,480,110.79,43678.59,125590.31,6036.69,35865.19,31.81,23.79,0.00,41.08,258.99,96.86,56.32
36,15,480,108.15,43573.91,123472.39,5924.72,26571.67,32.45,23.77,0.00,40.92,259.58,97.11,56.51
36,15,480,108.10,43372.55,126190.86,6074.39,35988.11,32.54,23.79,0.00,40.88,258.79,96.83,56.34
36,15,480,108.26,42482.42,125657.94,6065.44,28251.97,32.79,23.79,0.00,40.90,259.74,97.05,56.48
36,15,480,109.85,44281.50,125906.89,6039.94,38057.44,32.01,23.80,0.00,40.91,259.08,97.04,56.43
36,15,480,109.63,44278.96,125687.47,5919.86,36391.17,31.86,23.79,0.00,40.77,259.53,96.98,56.60
37,15,480,112.06,44139.15,125638.22,5844.30,30018.51,31.39,23.78,0.00,39.83,259.11,97.25,57.83
37,15,480,112.55,44402.88,125344.73,5899.70,33313.78,31.16,23.80,0.00,39.90,259.92,97.33,57.89
37,15,480,114.57,44844.25,125424.11,5774.59,31719.38,30.24,23.79,0.00,39.83,260.09,97.21,58.06
37,15,480,113.47,44195.36,125892.46,5906.16,37107.62,30.78,23.79,0.00,39.84,259.46,97.08,57.86
37,15,480,110.26,43385.45,125494.65,5911.22,35173.14,31.90,23.79,0.00,39.75,258.95,97.20,57.78
37,15,480,111.36,43332.06,125594.54,5884.41,30361.35,31.51,23.78,0.00,39.81,259.29,97.23,57.84
37,15,480,110.79,43549.45,125493.38,5998.92,36577.38,31.72,23.81,0.00,39.78,259.26,97.23,57.87
37,15,480,113.54,44339.15,125703.19,5875.19,32988.27,30.70,23.79,0.00,39.84,259.28,97.24,57.86
38,15,480,114.76,44226.60,122287.37,5683.00,36362.11,30.47,23.77,0.00,38.84,259.22,97.24,59.16
38,15,480,116.12,44737.63,125359.79,5688.71,36435.66,30.18,23.81,0.00,38.85,259.90,97.47,59.37
38,15,480,113.46,43114.94,125684.92,5710.76,26769.76,30.84,23.80,0.00,38.79,259.22,97.17,59.17
38,15,480,115.03,44056.66,125143.45,5706.84,28324.13,30.22,23.78,0.00,38.91,259.05,97.36,59.10
38,15,480,114.41,43837.95,125426.39,5878.84,32687.71,30.62,23.80,0.00,38.83,259.21,97.43,59.19
38,15,480,113.87,43935.28,125609.89,5858.05,31992.34,31.10,23.81,0.00,38.80,259.29,97.28,59.21
38,15,480,113.63,43634.60,125524.37,5751.50,33993.95,30.89,23.80,0.00,38.86,259.37,97.29,59.15
38,15,480,113.79,43910.26,125471.39,5804.26,35752.71,30.98,23.78,0.00,38.84,259.14,97.19,59.13
39,15,480,115.28,43407.70,125474.49,5775.10,28696.49,30.47,23.79,0.00,37.92,259.37,97.37,60.51
39,15,480,115.84,43431.94,124601.38,5695.74,27018.79,29.91,23.81,0.00,37.86,259.36,97.39,60.58
39,15,480,117.65,43780.20,124526.54,5708.69,30087.05,29.17,23.80,0.00,37.95,259.22,97.31,60.47
39,15,480,117.23,43891.69,125331.90,5656.95,31121.46,29.68,23.80,0.00,37.99,259.14,97.46,60.37
39,15,480,116.69,43900.61,124920.54,5664.69,33538.87,30.02,23.76,0.00,37.77,259.39,97.42,60.61
39,15,480,116.23,43688.35,125033.49,5732.54,31349.31,30.27,23.80,0.00,37.89,259.53,97.46,60.54
39,15,480,116.00,43414.09,124631.56,5795.00,33523.64,29.80,23.76,0.00,37.84,259.37,97.26,60.59
39,15,480,117.33,44095.59,124699.85,5662.00,30538.85,29.57,23.80,0.00,37.88,259.35,97.33,60.55
40,15,480,119.48,44064.49,124414.30,5585.73,27407.45,28.68,23.79,0.00,37.04,259.68,97.63,61.93
40,15,480,118.81,43725.75,124424.95,5568.05,26182.50,29.50,23.80,0.00,37.00,259.57,97.54,61.91
40,15,480,119.54,43882.61,121794.90,5279.40,25026.75,29.01,23.80,0.00,37.01,259.74,97.50,61.99
40,15,480,119.96,44222.95,124617.10,5567.48,34843.75,28.89,23.80,0.00,36.97,259.59,97.55,61.97
40,15,480,118.64,43706.07,124872.18,5699.30,32310.00,29.64,23.80,0.00,37.00,259.06,97.37,61.85
40,15,480,119.13,43807.74,124957.85,5641.35,36662.53,29.31,23.78,0.00,36.92,259.17,97.38,61.93
40,15,480,119.57,44003.26,124846.12,5727.65,31901.75,29.10,23.80,0.00,37.04,259.47,97.57,61.86
40,15,480,119.82,44159.70,123729.43,5516.57,26174.35,28.72,23.80,0.00,37.04,259.80,97.44,61.99
41,15,480,122.04,43763.72,124212.10,5546.76,30653.83,28.38,23.80,0.00,36.19,259.43,97.77,63.17
41,15,480,121.61,43835.14,124235.73,5458.66,29783.90,28.36,23.79,0.00,36.07,259.68,97.61,63.35
41,15,480,121.40,43584.41,124887.10,5375.61,32938.93,29.14,23.82,0.00,36.08,259.44,97.48,63.31
41,15,480,120.67,43927.38,124611.76,5494.37,30404.17,28.14,23.82,0.00,36.29,259.35,97.55,63.15
41,15,480,120.77,43219.86,124270.10,5460.29,29006.37,28.38,23.81,0.00,36.10,259.20,97.60,63.24
41,15,480,122.82,44371.79,123650.10,5371.27,31631.24,27.97,23.79,0.00,36.10,259.50,97.62,63.34
41,15,480,120.90,43568.74,124619.66,5354.71,30867.80,28.48,23.80,0.00,36.11,259.25,97.58,63.27
41,15,480,120.73,43525.75,124680.39,5413.54,29837.41,28.94,23.80,0.00,36.15,259.04,97.60,63.14
42,15,480,124.97,44204.30,124908.52,5393.69,36531.19,27.68,23.81,0.00,35.26,259.42,97.67,64.60
42,15,480,124.65,43992.52,124253.21,5392.90,29832.07,27.93,23.80,0.00,35.32,259.63,97.82,64.62
42,15,480,123.36,43593.62,124931.95,5414.12,30424.02,28.05,23.80,0.00,35.31,259.15,97.78,64.55
42,15,480,125.00,44078.27,124617.88,5431.76,33116.48,28.06,23.80,0.00,35.35,259.46,97.84,64.58
42,15,480,122.76,43743.64,124049.21,5348.60,32148.71,27.34,23.80,0.00,35.30,258.93,97.71,64.46
42,15,480,123.00,43637.30,124196.24,5429.07,32257.17,27.80,23.81,0.00,35.32,259.28,97.75,64.58
42,15,480,123.65,43592.64,124059.05,5488.31,35093.12,28.07,23.82,0.00,35.27,259.15,97.66,64.58
42,15,480,123.72,43783.14,124249.14,5323.57,29810.52,28.18,23.82,0.00,35.34,259.71,97.76,64.68
25,15,720,108.56,63553.14,169408.80,5822.76,45760.36,32.72,23.77,0.00,59.30,421.56,97.68,65.96
25,15,720,111.62,65013.13,170331.16,5661.28,41123.04,31.59,23.75,0.00,59.33,422.28,97.67,66.11
25,15,720,111.22,64255.47,169789.24,5893.40,42202.48,31.47,23.77,0.00,59.23,421.24,97.80,65.95
25,15,720,112.37,64775.16,168497.28,5762.04,39510.40,31.14,23.76,0.00,59.43,422.12,97.77,65.96
25,15,720,112.00,65493.15,168140.20,5698.52,45234.48,31.44,23.77,0.00,59.28,423.78,97.80,66.31
25,15,720,112.74,65416.74,168769.92,5675.28,47325.60,30.84,23.80,0.00,59.47,422.20,97.74,65.96
25,15,720,111.74,65564.41,168761.20,5818.32,48781.92,31.47,23.78,0.00,59.35,423.98,97.79,66.24
25,15,720,109.97,64781.31,169597.76,5696.00,40920.52,32.33,23.79,0.00,59.47,423.53,97.77,66.20
26,15,720,114.84,65243.93,168416.54,5646.69,44979.88,30.64,23.77,0.00,57.22,423.15,97.95,68.45
26,15,720,114.99,64970.97,168189.23,5500.58,47039.42,30.37,23.79,0.00,57.00,423.14,97.86,68.53
26,15,720,115.26,65189.66,169264.85,5645.38,43787.85,30.24,23.76,0.00,57.02,423.32,97.85,68.55
26,15,720,114.11,64656.68,168332.77,5484.88,44582.77,30.75,23.76,0.00,57.05,422.60,97.89,68.43
26,15,720,114.55,65018.30,168205.46,5606.81,50822.65,30.92,23.79,0.00,57.05,422.47,97.85,68.43
26,15,720,114.69,64118.78,168259.35,5596.00,47255.62,30.20,23.81,0.00,57.22,421.58,97.91,68.21
26,15,720,112.35,63119.93,168383.69,5767.62,47357.23,31.11,23.76,0.00,57.09,421.31,97.78,68.20
26,15,720,112.99,63481.01,169073.23,5799.46,43300.08,31.12,23.78,0.00,56.98,420.08,97.75,68.10
27,15,720,118.88,65232.44,167413.48,5415.81,45979.33,29.47,23.78,0.00,55.11,422.38,98.05,70.68
27,15,720,117.63,64428.75,168087.70,5425.00,48802.52,29.81,23.77,0.00,55.09,422.95,97.88,70.82
27,15,720,117.60,64283.73,167619.74,5444.11,43803.59,29.65,23.79,0.00,55.03,421.65,97.95,70.66
27,15,720,119.16,65372.83,167259.19,5372.30,46443.26,29.53,23.79,0.00,55.06,423.36,98.07,68.52
27,15,720,120.12,65424.25,167237.56,5272.00,43284.93,28.96,23.81,0.00,55.11,422.96,98.11,67.93
27,15,720,114.00,61808.42,157880.37,6068.07,42296.41,30.55,23.82,0.00,55.16,421.65,98.19,66.99
27,15,720,114.98,62790.84,152496.26,6143.37,40984.67,30.12,23.79,0.00,55.30,423.91,98.33,66.97
27,15,720,114.70,63243.16,152613.52,6129.70,46597.41,30.62,23.78,0.00,55.34,423.66,98.35,66.88
28,15,720,119.01,63375.64,152329.18,6016.11,43588.89,28.76,23.77,0.00,53.31,422.00,98.42,69.03
28,15,720,119.52,63460.83,151979.61,5977.46,49056.57,28.94,23.80,0.00,53.31,422.06,98.48,69.02
28,15,720,117.10,62210.12,153153.21,6103.61,48473.32,29.65,23.81,0.00,53.35,421.59,98.36,68.93
28,15,720,118.45,62485.00,152180.07,6006.32,43578.93,28.76,23.75,0.00,53.26,421.41,98.38,68.95
28,15,720,118.29,62807.82,151865.50,5899.00,40015.25,29.61,23.79,0.00,53.36,421.89,98.42,68.97
28,15,720,118.49,62959.94,151626.86,5905.96,46832.93,28.96,23.77,0.00,53.42,424.59,98.42,69.34
28,15,720,118.06,62522.15,152461.71,6045.07,39970.43,29.35,23.78,0.00,53.37,421.77,98.45,68.96
28,15,720,118.39,62890.96,152337.39,6033.82,46925.43,29.34,23.80,0.00,53.42,421.34,98.42,68.78
29,15,720,122.80,63865.91,152141.31,5626.90,47053.52,27.52,23.81,0.00,51.61,422.10,98.50,71.31
29,15,720,122.91,63141.29,151375.21,5882.86,46916.07,27.88,23.80,0.00,51.53,421.80,98.53,71.34
29,15,720,122.86,62898.96,151856.93,5658.24,46185.03,28.44,23.82,0.00,51.52,422.43,98.49,71.45
29,15,720,119.92,61658.40,152116.38,5826.38,49055.66,29.16,23.81,0.00,51.65,422.60,98.43,71.34
29,15,720,122.63,63976.21,151800.83,5505.83,42872.79,27.14,23.79,0.00,51.54,423.53,98.58,71.61
29,15,720,120.63,62127.08,151788.76,5701.97,42546.90,28.67,23.77,0.00,51.61,422.60,98.67,71.32
29,15,720,120.95,62567.73,151420.76,5790.72,44160.86,28.48,23.78,0.00,51.67,422.76,98.86,71.41
29,15,720,119.77,61509.00,153025.14,5940.24,48568.52,28.88,23.80,0.00,51.54,420.28,98.43,71.02
30,15,720,127.55,63473.57,150940.43,5401.57,44401.40,27.36,23.80,0.00,50.04,423.22,98.60,73.77
30,15,720,125.13,62284.90,151362.40,5569.90,43980.77,28.06,23.81,0.00,49.82,422.65,98.63,73.80
30,15,720,127.98,63455.26,151305.73,5447.50,45417.53,27.37,23.79,0.00,49.83,423.60,98.55,73.92
30,15,720,124.84,63103.13,151792.63,5555.17,44641.23,26.69,23.80,0.00,49.80,421.92,98.68,73.67
30,15,720,123.70,61753.46,150960.83,5640.27,43697.53,27.73,23.81,0.00,49.75,422.23,98.51,73.81
30,15,720,124.87,62122.12,150909.60,5540.43,42603.77,27.73,23.80,0.00,49.89,423.52,98.70,73.93
30,15,720,125.31,62760.13,151660.53,5471.40,45203.47,27.88,23.84,0.00,49.93,422.18,98.66,73.58
30,15,720,126.02,63296.47,151292.60,5474.67,43833.83,27.14,23.78,0.00,49.91,423.72,98.65,73.90
38,15,480,109.31,42078.35,117363.63,6486.61,32451.47,32.39,23.79,0.00,39.15,259.36,97.90,56.07
38,15,480,111.61,42875.52,117431.32,6517.37,31125.05,31.35,23.79,0.00,39.15,259.08,97.90,56.09
38,15,480,111.69,42657.94,117253.11,6533.92,38169.03,31.23,23.76,0.00,39.05,259.73,97.85,56.18
38,15,480,112.62,42829.03,116781.79,6425.63,30793.82,31.05,23.79,0.00,39.15,259.48,98.05,56.11
38,15,480,114.53,43864.13,117052.89,6258.03,36676.47,30.35,23.78,0.00,39.14,259.96,97.95,56.27
39,15,480,113.38,42085.00,116989.03,6370.56,29974.64,30.77,23.78,0.00,38.21,259.04,97.99,57.40
39,15,480,113.48,42521.65,117380.21,6386.67,29950.03,30.72,23.79,0.00,38.10,259.26,98.13,57.55
39,15,480,112.86,42628.05,117168.77,6247.67,25874.92,31.23,23.81,0.00,38.15,259.20,98.02,57.49
39,15,480,113.20,42289.18,117273.56,6368.92,34407.72,30.75,23.78,0.00,38.08,259.16,97.96,57.45
39,15,480,113.19,42537.12,117310.33,6354.95,31649.46,30.83,23.81,0.00,38.17,259.16,97.94,57.41
40,15,480,115.84,42627.30,117087.38,6178.38,28754.78,30.05,23.80,0.00,37.30,259.63,98.18,58.83
40,15,480,117.15,43190.32,116717.60,6043.50,28473.70,29.44,23.80,0.00,37.33,259.82,98.25,58.86
40,15,480,115.87,42510.56,117311.52,6184.48,30639.83,30.03,23.78,0.00,37.15,259.31,98.17,58.97
40,15,480,116.75,43108.81,117383.25,6034.80,36845.12,29.87,23.78,0.00,37.19,259.43,98.04,58.92
40,15,480,116.29,42856.96,117504.60,6199.23,34868.07,30.15,23.81,0.00,37.20,259.07,98.09,58.78
41,15,480,116.97,41966.31,116703.83,5983.10,30728.90,29.65,23.80,0.00,36.31,259.15,98.29,60.16
41,15,480,117.78,42499.21,116962.54,5979.39,29788.71,29.27,23.80,0.00,36.35,259.53,98.07,60.22
41,15,480,120.10,43486.69,116922.88,6049.17,27596.66,29.04,23.80,0.00,36.40,259.77,98.36,60.30
41,15,480,118.75,42971.51,117126.10,6134.51,34105.90,29.08,23.81,0.00,36.47,259.41,98.19,60.10
41,15,480,118.95,43093.02,116892.24,5952.20,34617.20,28.63,23.80,0.00,36.45,259.26,98.20,60.12
42,15,480,120.00,42455.12,117113.40,6014.52,26578.36,29.00,23.81,0.00,35.54,259.30,98.14,61.48
42,15,480,120.47,42711.77,116189.40,5895.45,28300.71,28.85,23.82,0.00,35.59,259.62,98.35,61.58
42,15,480,119.15,42030.97,116967.17,6038.76,31150.62,28.89,23.80,0.00,35.42,258.67,98.27,61.47
42,15,480,119.23,42219.73,117033.69,6017.74,26517.69,29.03,23.81,0.00,35.57,258.92,98.22,61.42
42,15,480,119.28,42112.10,116144.86,5899.14,32377.52,28.90,23.81,0.00,35.56,259.43,98.26,61.54
43,15,480,122.39,42454.87,116774.51,5815.63,31914.28,27.88,23.83,0.00,34.77,259.16,98.34,62.80
43,15,480,122.57,42446.90,115735.91,5749.70,31112.49,28.16,23.81,0.00,34.75,259.57,98.35,62.97
43,15,480,121.10,42017.53,116854.26,5776.70,27840.47,28.27,23.80,0.00,34.75,258.72,98.15,62.62
43,15,480,122.01,42350.68,116398.26,5874.49,27381.56,28.47,23.82,0.00,34.78,259.01,98.25,62.74
43,15,480,122.91,42636.37,116676.00,5835.91,28134.74,28.24,23.83,0.00,34.78,259.50,98.39,62.94
44,15,480,124.45,42663.12,116205.02,5790.20,29844.93,27.12,23.81,0.00,33.99,259.21,98.38,64.27
44,15,480,125.36,42777.40,116817.89,5639.73,28134.30,27.48,23.81,0.00,34.00,259.57,98.38,64.27
44,15,480,127.84,43477.70,116724.66,5584.95,32496.75,27.16,23.81,0.00,33.98,260.08,98.39,64.43
44,15,480,125.38,43101.07,116211.09,5601.82,25854.52,27.12,23.81,0.00,34.07,259.33,98.69,64.27
44,15,480,123.86,42591.73,115487.80,5660.64,25922.11,27.10,23.81,0.00,33.99,259.36,98.54,64.28
24,15,720,105.36,63466.45,154958.25,6708.46,51125.33,33.69,23.78,0.00,62.11,423.12,98.12,60.74
24,15,720,107.87,62141.47,155328.46,6875.71,44689.08,33.40,23.77,0.00,61.93,422.68,97.96,60.81
24,15,720,107.83,62801.43,155360.83,6798.67,44334.12,33.29,23.79,0.00,61.90,422.75,98.06,60.87
24,15,720,105.03,62457.44,156127.75,6667.04,48800.79,33.77,23.78,0.00,61.96,423.84,98.06,60.88
24,15,720,103.71,63642.42,155039.58,6722.71,51753.04,33.90,23.76,0.00,62.15,422.98,98.07,60.69
25,15,720,108.67,63267.30,155358.48,6589.28,48933.68,32.34,23.78,0.00,59.55,421.61,98.15,62.94
25,15,720,108.73,64158.17,154840.20,6272.64,46624.32,32.41,23.78,0.00,59.62,423.51,98.22,63.16
25,15,720,108.76,63283.63,155013.52,6432.92,49489.36,32.40,23.77,0.00,59.60,422.95,98.15,63.10
25,15,720,109.32,62946.90,156009.12,6445.12,40261.80,32.11,23.78,0.00,59.73,421.75,98.12,62.91
25,15,720,106.68,62563.75,155027.92,6625.76,47225.08,33.22,23.80,0.00,59.66,421.53,98.08,62.89
26,15,720,109.07,62208.74,154204.15,6224.27,49258.31,32.36,23.79,0.00,57.46,424.00,98.21,65.51
26,15,720,111.56,62268.59,149793.19,6165.58,42791.08,31.30,23.75,0.00,57.35,422.74,98.23,65.41
38,15,480,111.89,42155.05,116970.82,6537.55,34188.00,31.27,23.76,0.00,39.04,259.04,97.88,56.19
38,15,480,111.88,43105.14,117115.74,6483.00,34590.53,31.28,23.78,0.00,39.09,259.86,97.97,56.36
38,15,480,113.30,43148.52,114536.97,6440.32,26358.26,30.79,23.77,0.00,39.17,259.60,98.00,56.26
38,15,480,112.47,42922.25,117175.32,6379.39,32373.03,30.93,23.80,0.00,39.07,259.29,98.00,56.28
38,15,480,112.00,43240.36,114598.08,6305.21,30862.82,31.38,23.81,0.00,39.12,259.50,98.02,56.33
39,15,480,113.38,42578.74,117349.18,6432.82,32037.85,30.87,23.81,0.00,38.18,259.30,97.93,57.54
39,15,480,111.65,42038.12,117327.46,6367.05,31459.62,31.32,23.78,0.00,38.22,259.18,97.95,57.47
39,15,480,112.94,42395.38,117474.59,6275.59,34693.64,31.03,23.78,0.00,38.15,259.08,98.04,57.57
39,15,480,112.87,42350.53,117509.85,6383.74,30274.54,31.06,23.78,0.00,38.18,259.37,97.96,57.54
39,15,480,114.95,43087.59,114653.97,6133.51,28374.69,30.48,23.79,0.00,38.21,259.68,97.97,57.56
40,15,480,116.98,43218.79,117116.85,6060.05,31829.90,29.71,23.81,0.00,37.27,259.75,98.15,58.98
40,15,480,115.75,42677.36,116991.82,6130.07,23512.35,30.06,23.81,0.00,37.35,259.50,98.23,58.96
40,15,480,115.95,42744.04,117542.15,6172.55,31145.47,30.23,23.79,0.00,37.23,259.38,98.14,59.03
40,15,480,117.18,42928.24,114445.48,6041.05,29440.83,29.84,23.82,0.00,37.15,260.02,98.19,59.20
40,15,480,116.32,42946.83,117171.60,6249.02,37084.80,30.00,23.80,0.00,37.16,259.39,98.19,59.08
41,15,480,118.97,43061.50,117183.07,6049.12,31291.37,29.07,23.82,0.00,36.36,259.25,98.26,60.36
41,15,480,120.09,43060.21,113433.98,5729.88,28308.44,28.96,23.80,0.00,36.29,259.80,98.18,60.57
41,15,480,118.43,42699.54,116929.49,6038.41,31122.17,28.91,23.79,0.00,36.35,259.12,98.15,60.31
41,15,480,118.24,42647.67,116525.90,6047.59,34468.49,29.27,23.81,0.00,36.43,259.67,98.01,60.30
41,15,480,118.78,42953.93,117223.32,6051.59,31779.93,29.78,23.83,0.00,36.39,259.28,98.16,60.36
42,15,480,121.82,43302.96,116909.29,5794.67,34574.31,28.27,23.79,0.00,35.54,260.09,98.31,61.85
42,15,480,120.34,42623.34,116714.55,5909.88,27709.05,29.14,23.81,0.00,35.55,259.39,98.32,61.72
42,15,480,120.93,42808.32,117087.98,5913.60,29763.69,28.97,23.80,0.00,35.50,259.06,98.33,61.64
42,15,480,121.54,43053.29,117063.62,5883.05,32716.31,28.84,23.81,0.00,35.52,259.32,98.40,61.68
42,15,480,121.86,43126.52,116691.88,5823.21,32285.69,28.62,23.77,0.00,35.47,259.85,98.33,61.92
43,15,480,122.38,42426.05,114360.81,5576.12,31318.67,28.81,23.81,0.00,34.78,259.37,98.28,63.02
43,15,480,123.14,43067.98,116786.19,5767.07,33898.47,27.67,23.81,0.00,34.76,259.58,98.43,63.01
43,15,480,122.07,42540.25,116675.23,5843.07,26140.86,27.41,23.79,0.00,34.70,259.56,98.28,63.14
43,15,480,122.54,42651.79,115920.00,5829.21,23843.91,27.87,23.83,0.00,34.73,259.44,98.30,63.09
43,15,480,123.41,42938.53,116601.23,5842.93,38297.40,27.92,23.80,0.00,34.63,259.09,98.24,63.10
44,15,480,124.44,42380.34,116009.86,5719.68,27632.00,27.32,23.82,0.00,34.01,259.00,98.52,64.31
44,15,480,123.83,42080.40,116451.02,5734.25,24963.64,28.21,23.77,0.00,33.98,259.44,98.42,64.43
44,15,480,125.76,42735.80,116530.98,5578.80,32602.93,27.60,23.83,0.00,33.93,259.21,98.43,64.45
44,15,480,126.22,42761.97,116534.61,5665.25,29630.73,27.80,23.82,0.00,33.92,259.33,98.52,64.40
44,15,480,125.55,42595.07,115045.39,5548.36,30928.91,27.56,23.82,0.00,33.93,259.03,98.38,64.41
24,15,720,106.03,64245.19,156198.50,6720.21,47112.83,33.19,23.79,0.00,62.10,423.56,98.04,60.95
24,15,720,102.93,62157.95,150268.67,6715.71,42303.79,34.29,23.80,0.00,62.10,420.70,98.01,60.46
24,15,720,110.21,64546.11,155248.33,6550.12,49228.25,32.31,23.77,0.00,61.97,424.21,98.07,61.03
24,15,720,107.41,63890.62,156261.88,6726.08,46640.62,33.41,23.78,0.00,62.07,423.77,98.02,60.97
24,15,720,104.79,62984.08,156095.42,6819.75,41310.00,33.71,23.76,0.00,62.13,421.65,98.04,60.61
25,15,720,110.19,63875.44,154804.28,6283.60,43794.08,31.92,23.75,0.00,59.68,423.36,98.20,63.30
25,15,720,110.27,64074.49,154701.00,6439.04,47588.16,32.07,23.75,0.00,59.63,423.02,98.18,63.22
25,15,720,105.26,62526.37,155132.56,6587.76,40646.00,33.56,23.79,0.00,59.65,421.36,98.11,62.91
25,15,720,111.43,63480.76,154179.40,6379.08,48716.32,31.57,23.79,0.00,59.60,423.02,98.15,63.23
25,15,720,107.80,61752.65,155250.12,6839.52,48425.72,32.44,23.77,0.00,59.52,421.70,98.05,63.05
26,15,720,112.05,63172.40,153314.81,6125.04,45470.69,31.01,23.78,0.00,57.38,423.50,98.25,65.68
26,15,720,112.86,63988.16,154231.92,5943.50,42754.27,31.07,23.78,0.00,57.36,424.00,98.30,65.75
26,15,720,112.50,61932.67,154652.96,6580.92,43769.58,31.10,23.81,0.00,57.28,420.29,98.19,65.21
26,15,720,111.48,63014.01,155256.42,6112.23,45424.08,31.72,23.80,0.00,57.38,422.97,98.22,65.51
26,15,720,111.85,63071.92,154309.50,6142.00,44657.19,31.49,23.78,0.00,57.36,424.64,98.28,65.83
27,15,720,115.78,63368.88,153562.78,6033.96,42792.48,30.11,23.80,0.00,55.33,421.82,98.41,67.71
27,15,720,112.52,61629.96,154347.85,6302.67,49176.04,31.12,23.80,0.00,55.39,421.14,98.30,67.59
27,15,720,115.77,63616.37,153850.22,5983.89,49907.93,30.13,23.79,0.00,55.33,422.84,98.39,67.83
27,15,720,115.84,62847.64,153896.96,6140.96,42404.07,29.77,23.81,0.00,55.43,422.02,98.53,67.71
27,15,720,115.70,63502.40,153776.04,6001.22,44983.15,30.35,23.75,0.00,55.36,423.06,98.37,67.92
28,15,720,118.49,61600.54,153356.18,5835.89,43563.46,28.92,23.77,0.00,53.43,421.69,98.41,70.03
28,15,720,116.89,62078.30,153137.39,5892.71,44988.07,29.61,23.79,0.00,53.55,422.54,98.44,70.05
28,15,720,119.23,63284.79,153400.04,5990.82,49006.00,28.78,23.77,0.00,53.31,421.27,98.41,70.12
28,15,720,118.77,62920.82,153275.39,5893.43,42984.29,29.07,23.78,0.00,53.33,422.03,98.40,70.16
28,15,720,120.11,63919.59,153062.96,5699.89,43078.00,29.12,23.79,0.00,53.39,424.09,98.45,70.38
29,15,720,123.43,63560.38,153348.00,5539.83,40013.79,28.29,23.78,0.00,51.58,424.08,98.59,72.77
29,15,720,122.27,62944.29,152772.62,5660.00,45599.17,28.76,23.82,0.00,51.58,423.13,98.75,72.58
29,15,720,122.12,62973.64,152691.86,5662.55,40856.93,27.72,23.80,0.00,51.47,421.92,98.48,72.46
29,15,720,122.98,63054.17,153374.72,5585.79,46729.97,28.25,23.79,0.00,51.63,421.97,98.49,72.39
29,15,720,119.82,61480.74,153123.34,5914.38,45492.00,27.79,23.78,0.00,51.53,422.83,98.41,72.56
30,15,720,126.71,63465.67,152187.63,5346.50,46794.00,27.31,23.80,0.00,49.97,422.99,98.59,74.87
30,15,720,126.70,63816.48,152349.77,5376.17,48739.57,27.13,23.78,0.00,49.86,423.14,98.60,75.01
30,15,720,125.75,63262.07,152678.23,5590.93,42305.07,26.84,23.79,0.00,49.80,422.26,98.64,74.93
30,15,720,125.53,62658.12,152307.80,5322.97,46480.80,27.45,23.79,0.00,49.75,422.36,98.57,74.87
30,15,720,125.38,63543.12,151957.33,5455.57,37233.33,26.69,23.80,0.00,50.03,423.46,98.72,74.86
28,10,480,114.97,39588.34,115821.86,5927.57,40560.96,29.84,23.73,0.00,35.24,230.63,97.94,75.43
28,10,480,110.95,38793.85,115720.96,5995.43,25654.32,31.72,23.77,0.00,35.41,231.86,97.98,75.60
28,10,480,110.27,38480.78,115782.61,6035.96,30940.25,31.93,23.80,0.00,35.39,231.49,97.97,75.57
28,10,480,112.92,39256.69,115174.11,5949.39,30808.11,30.96,23.81,0.00,35.49,232.13,97.95,75.79
28,10,480,112.22,39079.01,115437.39,6042.43,30336.11,31.20,23.82,0.00,35.50,232.19,97.95,75.75
32,10,480,125.20,39130.22,114496.06,5355.44,21210.97,27.66,23.82,0.00,31.23,232.70,98.40,85.53
32,10,480,123.50,38795.24,115267.12,5491.84,26578.09,27.59,23.81,0.00,31.22,231.77,98.46,85.30
32,10,480,126.28,38926.92,114697.00,5215.38,22676.50,27.78,23.82,0.00,31.16,232.12,98.41,85.50
32,10,480,123.74,38276.82,114559.91,5499.53,26268.88,27.87,23.81,0.00,31.15,232.25,98.35,85.52
32,10,480,121.29,38119.48,114927.12,5532.78,27007.88,27.88,23.81,0.00,31.24,231.72,98.26,85.28
36,10,480,137.36,39382.42,116364.22,4934.53,26598.53,24.33,23.85,0.00,27.73,202.55,98.60,95.11
36,10,480,134.72,39134.64,116245.03,4880.42,31665.83,23.89,23.79,0.00,27.67,204.49,98.58,94.99
36,10,480,136.23,38864.42,116294.81,4939.86,33625.42,24.30,23.80,0.00,27.62,204.80,98.63,94.94
36,10,480,143.59,39797.10,113966.92,4739.81,30837.19,23.89,23.81,0.00,27.67,204.29,98.67,95.14
36,10,480,141.75,39543.39,116201.64,4828.53,31481.25,24.31,23.81,0.00,27.60,204.99,98.78,95.26
38,10,480,201.26,44763.99,148031.24,7212.05,84390.37,20.95,23.85,0.00,26.51,197.73,98.29,98.41
38,10,480,197.41,44644.37,147493.53,6548.16,91022.87,20.46,23.84,0.00,26.68,197.37,98.34,98.44
38,10,480,249.77,49440.79,171908.95,9156.55,127277.61,20.56,23.87,0.00,26.75,197.82,98.12,98.33
38,10,480,217.43,46671.80,157342.45,8012.05,102774.21,19.10,23.87,0.00,27.41,198.68,98.25,98.41
38,10,480,241.45,48787.61,164466.53,10107.61,109279.79,19.30,23.86,0.00,26.95,197.89,98.25,98.54
39,10,480,221.76,46626.33,153079.69,8891.74,92595.31,15.90,23.81,0.00,27.01,195.04,97.80,98.48
39,10,480,201.74,44649.46,146854.05,7515.08,87129.31,16.41,23.83,0.00,27.64,194.94,97.80,98.37
39,10,480,192.94,43741.39,145653.21,6536.95,84893.85,16.58,23.84,0.00,27.43,195.55,97.77,98.37
39,10,480,234.06,46847.67,164739.28,8189.28,114106.08,15.29,23.85,0.00,27.35,195.40,97.93,98.22
39,10,480,295.19,51661.81,188353.72,10849.95,146078.10,13.56,23.85,0.00,27.60,195.17,97.69,98.32
40,10,480,277.67,49382.87,177819.40,10232.02,144433.25,14.17,23.69,0.00,27.73,194.56,96.16,97.86
40,10,480,225.80,45110.09,156744.38,7790.40,91523.32,15.10,23.68,0.00,27.44,194.50,97.16,97.90
40,10,480,296.27,52425.68,188702.55,12740.00,152223.77,13.74,23.73,0.00,28.48,193.58,97.47,98.09
40,10,480,255.74,47775.40,167063.35,9117.67,118260.60,15.08,23.75,0.00,26.99,194.15,97.51,98.34
40,10,480,136.84,43767.60,145105.67,7141.95,88741.70,13.51,23.72,0.00,27.24,194.68,96.37,98.00
41,10,480,278.43,49984.09,175652.95,11485.32,138274.88,12.69,23.53,0.00,27.61,195.31,96.85,97.80
41,10,480,248.35,46845.58,158736.39,9457.41,111320.95,15.02,23.54,0.00,27.06,194.47,95.77,97.53
41,10,480,260.65,47823.93,167503.90,9126.88,126018.66,12.19,23.42,0.00,26.69,193.87,96.33,97.92
41,10,480,125.07,43047.64,145569.46,7977.63,79076.59,12.15,23.44,0.00,26.80,193.20,95.67,97.76
41,10,480,153.02,45844.58,158580.34,8813.32,111321.95,11.48,23.57,0.00,27.56,194.77,94.49,98.01
42,10,480,218.88,44680.69,154276.21,7837.45,113969.19,12.72,23.32,0.00,26.53,194.39,95.30,97.63
42,10,480,239.50,44998.76,158578.55,8716.52,117803.26,12.70,23.34,0.00,27.55,195.21,94.40,97.34
42,10,480,197.81,45614.39,151445.21,9320.62,99021.64,11.93,23.36,0.00,27.45,193.04,94.00,97.93
42,10,480,317.30,52956.39,184836.48,14016.67,151790.40,11.07,23.42,0.00,27.46,194.20,93.99,97.74
42,10,480,250.83,46194.32,160944.60,9414.69,119345.71,13.44,23.23,0.00,26.87,193.97,93.71,97.37
43,10,480,160.21,42092.06,140337.07,7047.56,85628.60,12.24,23.12,0.00,26.98,193.76,93.75,97.26
43,10,480,221.28,42516.19,147323.49,7504.60,106709.53,14.77,23.14,0.00,26.91,194.08,95.71,97.96
43,10,480,131.16,46520.98,158723.02,9485.16,118075.00,9.46,23.11,0.00,26.95,193.11,92.57,97.47
43,10,480,153.97,44235.19,148672.72,8997.19,105881.98,11.07,23.16,0.00,26.20,193.71,94.34,98.17
43,10,480,120.00,41750.62,133266.16,7126.91,82531.37,9.87,23.07,0.00,26.79,194.68,93.74,97.08
44,10,480,239.15,43991.85,151393.43,8599.66,113200.11,11.96,23.11,0.00,27.39,193.26,94.25,97.12
14,10,720,97.90,57351.86,116770.71,4816.14,42551.71,41.24,23.79,0.00,70.40,329.60,97.40,58.56
14,10,720,99.52,54889.98,116367.71,4957.43,31051.36,41.69,23.86,0.00,70.30,330.25,97.10,58.70
14,10,720,93.00,57519.86,116655.71,4692.36,29652.79,41.64,23.79,0.00,70.46,332.00,97.35,59.07
14,10,720,93.50,57662.38,116905.71,4733.43,33271.14,41.21,23.80,0.00,70.51,334.49,97.29,59.50
14,10,720,95.49,55964.87,115392.43,4876.79,31882.50,41.20,23.84,0.00,70.61,330.92,97.26,58.80
16,10,720,97.94,57053.02,115472.38,4395.38,30987.19,37.04,23.88,0.00,62.22,331.25,97.72,66.18
16,10,720,95.20,56764.30,115661.00,4356.50,37656.25,38.14,23.81,0.00,62.20,332.10,97.69,66.15
16,10,720,98.49,55846.85,115589.62,4532.56,33697.62,37.45,23.84,0.00,61.97,329.82,97.77,65.88
16,10,720,90.86,56063.41,115869.31,4496.31,35576.69,38.74,23.84,0.00,61.91,329.80,97.68,65.76
16,10,720,98.93,57968.76,115767.19,4485.81,36114.50,36.51,23.83,0.00,61.99,329.83,97.79,65.74
20,10,720,117.31,57951.38,123019.20,3663.00,35121.15,30.00,23.85,0.00,49.60,331.62,97.94,80.60
20,10,720,116.09,57157.07,122749.40,3747.95,32828.85,29.81,23.85,0.00,49.63,331.06,97.89,80.44
20,10,720,117.91,58349.01,122477.05,3714.00,31898.50,29.74,23.91,0.00,49.63,331.89,98.00,80.74
20,10,720,118.30,57670.26,121848.05,3664.00,33949.70,29.24,23.86,0.00,49.60,330.28,98.02,80.36
20,10,720,115.48,56589.72,122239.55,3743.80,31839.90,31.28,23.90,0.00,49.59,331.02,97.98,80.54
24,10,720,141.77,59242.00,117376.58,3257.42,37183.46,24.68,23.91,0.00,41.58,306.00,98.48,94.83
24,10,720,134.09,58093.92,122077.50,3407.83,41722.12,24.06,23.91,0.00,41.33,309.58,98.45,94.60
24,10,720,142.39,59583.17,122363.54,3362.12,39907.75,24.35,23.87,0.00,41.38,309.17,98.46,95.31
24,10,720,138.87,58519.80,122223.21,3442.08,38578.29,24.62,23.87,0.00,41.47,309.19,98.52,94.67
24,10,720,140.08,58568.09,122178.54,3341.12,42448.96,24.83,23.85,0.00,41.49,311.41,98.48,95.07
25,10,720,255.42,72378.84,190605.00,8313.04,138127.72,21.17,23.95,0.00,40.61,301.50,98.08,97.94
25,10,720,147.24,58625.94,123923.16,3335.88,42187.76,24.05,23.89,0.00,39.64,301.00,98.50,98.19
25,10,720,133.46,56912.07,122026.44,3356.20,40212.04,23.53,23.88,0.00,39.81,299.99,98.42,97.73
25,10,720,148.03,59134.60,123039.36,3290.48,41068.20,23.64,23.91,0.00,39.76,300.62,98.53,97.97
25,10,720,253.90,70984.65,193881.08,7348.48,139779.60,21.30,23.94,0.00,39.83,301.18,98.01,97.81
26,10,720,291.29,73696.02,209980.85,10417.54,168902.15,12.73,23.94,0.00,40.41,295.81,97.54,98.41
26,10,720,120.00,64030.21,155175.15,6416.62,91018.27,9.81,23.90,0.00,40.35,294.24,98.07,97.97
26,10,720,120.00,60692.96,142241.15,5086.65,75235.27,12.30,23.90,0.00,39.86,294.89,98.05,98.16
26,10,720,284.04,75770.85,205111.58,10897.62,155433.54,11.69,23.96,0.00,40.07,295.52,97.63,98.11
26,10,720,120.00,62808.88,147931.62,5884.38,81090.62,10.67,23.92,0.00,40.27,294.35,98.02,97.96
27,10,720,120.00,61479.54,147632.15,6095.26,88978.52,9.09,23.63,0.00,39.50,292.59,97.02,97.54
27,10,720,120.00,57698.38,136362.70,4764.74,74021.15,12.86,23.58,0.00,40.20,292.46,96.70,97.60
27,10,720,120.00,59278.36,133811.63,4566.26,67051.56,11.42,23.44,0.00,39.71,289.56,97.01,97.63
27,10,720,120.00,77804.04,266720.19,14219.78,215900.74,2.81,23.63,0.00,39.75,292.71,96.28,97.51
27,10,720,120.00,57364.17,124287.37,3803.07,57946.52,15.46,23.42,0.00,39.52,291.98,96.84,97.60
28,10,720,120.00,70077.58,195329.79,13018.11,138386.82,4.33,23.21,0.00,38.92,289.67,94.37,97.25
28,10,720,120.00,65112.83,197807.54,8175.32,149352.64,3.85,23.50,0.00,40.12,290.81,94.54,96.86
28,10,720,120.00,79073.98,276525.36,16362.89,232174.32,3.32,23.52,0.00,39.62,290.31,94.38,97.11
